[null,{"name":"-------------------------------","permissions":"ADMINISTRATOR","restriction":"4","actions":[]},{"name":"status","permissions":"ADMINISTRATOR","restriction":"4","actions":[{"status":"0","name":"Set Bot Status"},{"gameName":"z!help | KingZ Bot | z!support","gameLink":"","name":"Set Bot Game"}]},{"name":"help","permissions":"NONE","restriction":"1","actions":[{"title":"Commands","author":"","color":"#0000ff","timestamp":"false","url":"","authorIcon":"","imageUrl":"https://cdn.discordapp.com/attachments/727609217908867154/727864870384435200/kr3_2.jpg","thumbUrl":"","storage":"1","varName":"embed","name":"Create Embed Message"},{"storage":"1","varName":"embed","message":"z!help\nz!avatar\nz!serverinfo\nz!userinfo\nz!invite\nz!support","name":"Set Embed Description"},{"storage":"1","varName":"embed","fieldName":"Admin Commands","message":"z!ban\nz!kick\nz!mute\nz!unmute\nz!unban","inline":"1","name":"Add Embed Field"},{"storage":"1","varName":"embed","channel":"0","varName2":"","name":"Send Embed Message"}]},{"name":"-------------------------------","permissions":"ADMINISTRATOR","restriction":"4","actions":[]},{"name":"serverinfo","permissions":"NONE","restriction":"1","actions":[{"server":"0","varName":"","info":"1","storage":"1","varName2":"serverID","name":"Store Server Info"},{"server":"0","varName":"","info":"2","storage":"1","varName2":"serverName","name":"Store Server Info"},{"server":"0","varName":"","info":"4","storage":"1","varName2":"serverRegion","name":"Store Server Info"},{"server":"0","varName":"","info":"6","storage":"1","varName2":"serverVerificationLevel","name":"Store Server Info"},{"server":"0","varName":"","info":"11","storage":"1","varName2":"serverOwnerMember","name":"Store Server Info"},{"channel":"0","varName":"","message":"> **Server ID:** ${tempVars(\"serverID\")}\n> **Server Name:** ${tempVars(\"serverName\")}\n> **Server Regions:** ${tempVars(\"serverRegion\")}\n> \n> **Verification Level:** ${tempVars(\"serverVerificationLevel\")}\n> **OwnerShip:** ${tempVars(\"serverOwnerMember\")}","storage":"0","varName2":"","name":"Send Message"}]},{"name":"invite","permissions":"NONE","restriction":"1","actions":[{"title":"Invite Bot","author":"","color":"#0000ff","timestamp":"false","url":"","authorIcon":"","imageUrl":"https://cdn.discordapp.com/attachments/727609217908867154/727864870384435200/kr3_2.jpg","thumbUrl":"","storage":"1","varName":"embed","name":"Create Embed Message"},{"storage":"1","varName":"embed","message":"**Daca vrei sa ma inviti la tine pe server foloseste link-ul acesta:**\nhttps://discordapp.com/oauth2/authorize?client_id=727847886523727903&scope=bot&permissions=2146958591","name":"Set Embed Description"},{"storage":"1","varName":"embed","channel":"0","varName2":"","name":"Send Embed Message"}]},{"name":"support","permissions":"NONE","restriction":"1","actions":[{"title":"Support Server","author":"","color":"#ff0000","timestamp":"false","url":"","authorIcon":"","imageUrl":"https://cdn.discordapp.com/attachments/727609217908867154/727864870384435200/kr3_2.jpg","thumbUrl":"","storage":"1","varName":"embed","name":"Create Embed Message"},{"storage":"1","varName":"embed","message":"**Daca ai vreo problema cu botul sau vrei varianta premium acceseaza discord-ul nostru de support:**\nhttps://discord.gg/mGY4UNP","name":"Set Embed Description"},{"storage":"1","varName":"embed","channel":"0","varName2":"","name":"Send Embed Message"}]}]